"rep","rep_seed","has_drop","drop_from_index","drop_to_index","drop_size","delta_before","delta_after"
1,3,TRUE,27,28,0.055,0.521303258145363,0.541353383458647
2,4,FALSE,NA,NA,NA,NA,NA
3,5,TRUE,21,22,0.077,0.401002506265664,0.421052631578947
4,6,FALSE,NA,NA,NA,NA,NA
5,7,FALSE,NA,NA,NA,NA,NA
6,8,FALSE,NA,NA,NA,NA,NA
7,9,FALSE,NA,NA,NA,NA,NA
8,10,FALSE,NA,NA,NA,NA,NA
9,11,FALSE,NA,NA,NA,NA,NA
10,12,FALSE,NA,NA,NA,NA,NA
11,13,FALSE,NA,NA,NA,NA,NA
12,14,FALSE,NA,NA,NA,NA,NA
13,15,FALSE,NA,NA,NA,NA,NA
14,16,FALSE,NA,NA,NA,NA,NA
15,17,FALSE,NA,NA,NA,NA,NA
16,18,FALSE,NA,NA,NA,NA,NA
17,19,FALSE,NA,NA,NA,NA,NA
18,20,FALSE,NA,NA,NA,NA,NA
19,21,FALSE,NA,NA,NA,NA,NA
20,22,FALSE,NA,NA,NA,NA,NA
21,23,FALSE,NA,NA,NA,NA,NA
22,24,FALSE,NA,NA,NA,NA,NA
23,25,FALSE,NA,NA,NA,NA,NA
24,26,FALSE,NA,NA,NA,NA,NA
25,27,FALSE,NA,NA,NA,NA,NA
26,28,FALSE,NA,NA,NA,NA,NA
27,29,FALSE,NA,NA,NA,NA,NA
28,30,FALSE,NA,NA,NA,NA,NA
29,31,FALSE,NA,NA,NA,NA,NA
30,32,FALSE,NA,NA,NA,NA,NA
31,33,FALSE,NA,NA,NA,NA,NA
32,34,FALSE,NA,NA,NA,NA,NA
33,35,FALSE,NA,NA,NA,NA,NA
34,36,FALSE,NA,NA,NA,NA,NA
35,37,FALSE,NA,NA,NA,NA,NA
36,38,TRUE,29,30,0.0505,0.56140350877193,0.581453634085213
37,39,TRUE,27,28,0.091,0.521303258145363,0.541353383458647
38,40,FALSE,NA,NA,NA,NA,NA
39,41,FALSE,NA,NA,NA,NA,NA
40,42,FALSE,NA,NA,NA,NA,NA
41,43,FALSE,NA,NA,NA,NA,NA
42,44,TRUE,27,28,0.0669999999999999,0.521303258145363,0.541353383458647
43,45,FALSE,NA,NA,NA,NA,NA
44,46,FALSE,NA,NA,NA,NA,NA
45,47,FALSE,NA,NA,NA,NA,NA
46,48,FALSE,NA,NA,NA,NA,NA
47,49,FALSE,NA,NA,NA,NA,NA
48,50,FALSE,NA,NA,NA,NA,NA
49,51,FALSE,NA,NA,NA,NA,NA
50,52,FALSE,NA,NA,NA,NA,NA
51,53,FALSE,NA,NA,NA,NA,NA
52,54,FALSE,NA,NA,NA,NA,NA
53,55,TRUE,28,29,0.066,0.541353383458647,0.56140350877193
54,56,FALSE,NA,NA,NA,NA,NA
55,57,FALSE,NA,NA,NA,NA,NA
56,58,FALSE,NA,NA,NA,NA,NA
57,59,FALSE,NA,NA,NA,NA,NA
58,60,FALSE,NA,NA,NA,NA,NA
59,61,TRUE,19,20,0.063,0.360902255639098,0.380952380952381
60,62,TRUE,13,14,0.057,0.240601503759398,0.260651629072682
61,63,FALSE,NA,NA,NA,NA,NA
62,64,FALSE,NA,NA,NA,NA,NA
63,65,FALSE,NA,NA,NA,NA,NA
64,66,FALSE,NA,NA,NA,NA,NA
65,67,FALSE,NA,NA,NA,NA,NA
66,68,TRUE,29,30,0.093,0.56140350877193,0.581453634085213
67,69,FALSE,NA,NA,NA,NA,NA
68,70,FALSE,NA,NA,NA,NA,NA
69,71,FALSE,NA,NA,NA,NA,NA
70,72,FALSE,NA,NA,NA,NA,NA
71,73,FALSE,NA,NA,NA,NA,NA
72,74,FALSE,NA,NA,NA,NA,NA
73,75,TRUE,15,16,0.054,0.280701754385965,0.300751879699248
74,76,FALSE,NA,NA,NA,NA,NA
75,77,TRUE,18,19,0.053,0.340852130325815,0.360902255639098
76,78,FALSE,NA,NA,NA,NA,NA
77,79,FALSE,NA,NA,NA,NA,NA
78,80,FALSE,NA,NA,NA,NA,NA
79,81,FALSE,NA,NA,NA,NA,NA
80,82,FALSE,NA,NA,NA,NA,NA
81,83,FALSE,NA,NA,NA,NA,NA
82,84,FALSE,NA,NA,NA,NA,NA
83,85,FALSE,NA,NA,NA,NA,NA
84,86,FALSE,NA,NA,NA,NA,NA
85,87,FALSE,NA,NA,NA,NA,NA
86,88,FALSE,NA,NA,NA,NA,NA
87,89,FALSE,NA,NA,NA,NA,NA
88,90,FALSE,NA,NA,NA,NA,NA
89,91,FALSE,NA,NA,NA,NA,NA
90,92,FALSE,NA,NA,NA,NA,NA
91,93,FALSE,NA,NA,NA,NA,NA
92,94,FALSE,NA,NA,NA,NA,NA
93,95,TRUE,29,30,0.083,0.56140350877193,0.581453634085213
94,96,FALSE,NA,NA,NA,NA,NA
95,97,FALSE,NA,NA,NA,NA,NA
96,98,TRUE,24,25,0.063,0.461152882205514,0.481203007518797
97,99,FALSE,NA,NA,NA,NA,NA
98,100,FALSE,NA,NA,NA,NA,NA
99,101,FALSE,NA,NA,NA,NA,NA
100,102,FALSE,NA,NA,NA,NA,NA
101,103,FALSE,NA,NA,NA,NA,NA
102,104,TRUE,35,36,0.053,0.681704260651629,0.701754385964912
103,105,FALSE,NA,NA,NA,NA,NA
104,106,TRUE,22,23,0.0725,0.421052631578947,0.441102756892231
105,107,FALSE,NA,NA,NA,NA,NA
106,108,FALSE,NA,NA,NA,NA,NA
107,109,FALSE,NA,NA,NA,NA,NA
108,110,FALSE,NA,NA,NA,NA,NA
109,111,FALSE,NA,NA,NA,NA,NA
110,112,FALSE,NA,NA,NA,NA,NA
111,113,TRUE,23,24,0.0705,0.441102756892231,0.461152882205514
112,114,FALSE,NA,NA,NA,NA,NA
113,115,FALSE,NA,NA,NA,NA,NA
114,116,FALSE,NA,NA,NA,NA,NA
115,117,FALSE,NA,NA,NA,NA,NA
116,118,FALSE,NA,NA,NA,NA,NA
117,119,FALSE,NA,NA,NA,NA,NA
118,120,FALSE,NA,NA,NA,NA,NA
119,121,FALSE,NA,NA,NA,NA,NA
120,122,FALSE,NA,NA,NA,NA,NA
121,123,FALSE,NA,NA,NA,NA,NA
122,124,FALSE,NA,NA,NA,NA,NA
123,125,FALSE,NA,NA,NA,NA,NA
124,126,FALSE,NA,NA,NA,NA,NA
125,127,FALSE,NA,NA,NA,NA,NA
126,128,FALSE,NA,NA,NA,NA,NA
127,129,FALSE,NA,NA,NA,NA,NA
128,130,FALSE,NA,NA,NA,NA,NA
129,131,TRUE,32,33,0.121,0.621553884711779,0.641604010025063
130,132,FALSE,NA,NA,NA,NA,NA
131,133,TRUE,20,21,0.0575,0.380952380952381,0.401002506265664
132,134,FALSE,NA,NA,NA,NA,NA
133,135,FALSE,NA,NA,NA,NA,NA
134,136,FALSE,NA,NA,NA,NA,NA
135,137,FALSE,NA,NA,NA,NA,NA
136,138,FALSE,NA,NA,NA,NA,NA
137,139,TRUE,15,16,0.0505,0.280701754385965,0.300751879699248
138,140,FALSE,NA,NA,NA,NA,NA
139,141,FALSE,NA,NA,NA,NA,NA
140,142,FALSE,NA,NA,NA,NA,NA
141,143,FALSE,NA,NA,NA,NA,NA
142,144,FALSE,NA,NA,NA,NA,NA
143,145,FALSE,NA,NA,NA,NA,NA
144,146,FALSE,NA,NA,NA,NA,NA
145,147,FALSE,NA,NA,NA,NA,NA
146,148,FALSE,NA,NA,NA,NA,NA
147,149,FALSE,NA,NA,NA,NA,NA
148,150,FALSE,NA,NA,NA,NA,NA
149,151,FALSE,NA,NA,NA,NA,NA
150,152,FALSE,NA,NA,NA,NA,NA
151,153,FALSE,NA,NA,NA,NA,NA
152,154,FALSE,NA,NA,NA,NA,NA
153,155,FALSE,NA,NA,NA,NA,NA
154,156,FALSE,NA,NA,NA,NA,NA
155,157,FALSE,NA,NA,NA,NA,NA
156,158,FALSE,NA,NA,NA,NA,NA
157,159,FALSE,NA,NA,NA,NA,NA
158,160,FALSE,NA,NA,NA,NA,NA
159,161,FALSE,NA,NA,NA,NA,NA
160,162,FALSE,NA,NA,NA,NA,NA
161,163,FALSE,NA,NA,NA,NA,NA
162,164,FALSE,NA,NA,NA,NA,NA
163,165,FALSE,NA,NA,NA,NA,NA
164,166,FALSE,NA,NA,NA,NA,NA
165,167,TRUE,24,25,0.0695,0.461152882205514,0.481203007518797
166,168,FALSE,NA,NA,NA,NA,NA
167,169,TRUE,26,27,0.0505,0.50125313283208,0.521303258145363
168,170,FALSE,NA,NA,NA,NA,NA
169,171,TRUE,32,33,0.08,0.621553884711779,0.641604010025063
170,172,FALSE,NA,NA,NA,NA,NA
171,173,FALSE,NA,NA,NA,NA,NA
172,174,FALSE,NA,NA,NA,NA,NA
173,175,FALSE,NA,NA,NA,NA,NA
174,176,FALSE,NA,NA,NA,NA,NA
175,177,TRUE,22,23,0.0655,0.421052631578947,0.441102756892231
176,178,FALSE,NA,NA,NA,NA,NA
177,179,FALSE,NA,NA,NA,NA,NA
178,180,TRUE,38,39,0.1555,0.741854636591479,0.761904761904762
179,181,TRUE,14,15,0.057,0.260651629072682,0.280701754385965
180,182,FALSE,NA,NA,NA,NA,NA
181,183,FALSE,NA,NA,NA,NA,NA
182,184,FALSE,NA,NA,NA,NA,NA
183,185,FALSE,NA,NA,NA,NA,NA
184,186,FALSE,NA,NA,NA,NA,NA
185,187,FALSE,NA,NA,NA,NA,NA
186,188,FALSE,NA,NA,NA,NA,NA
187,189,FALSE,NA,NA,NA,NA,NA
188,190,FALSE,NA,NA,NA,NA,NA
189,191,FALSE,NA,NA,NA,NA,NA
190,192,FALSE,NA,NA,NA,NA,NA
191,193,FALSE,NA,NA,NA,NA,NA
192,194,FALSE,NA,NA,NA,NA,NA
193,195,TRUE,35,36,0.104,0.681704260651629,0.701754385964912
194,196,FALSE,NA,NA,NA,NA,NA
195,197,FALSE,NA,NA,NA,NA,NA
196,198,FALSE,NA,NA,NA,NA,NA
197,199,FALSE,NA,NA,NA,NA,NA
198,200,FALSE,NA,NA,NA,NA,NA
199,201,FALSE,NA,NA,NA,NA,NA
200,202,FALSE,NA,NA,NA,NA,NA
201,203,TRUE,23,24,0.062,0.441102756892231,0.461152882205514
202,204,TRUE,35,36,0.0865,0.681704260651629,0.701754385964912
203,205,FALSE,NA,NA,NA,NA,NA
204,206,FALSE,NA,NA,NA,NA,NA
205,207,FALSE,NA,NA,NA,NA,NA
206,208,FALSE,NA,NA,NA,NA,NA
207,209,FALSE,NA,NA,NA,NA,NA
208,210,FALSE,NA,NA,NA,NA,NA
209,211,FALSE,NA,NA,NA,NA,NA
210,212,FALSE,NA,NA,NA,NA,NA
211,213,FALSE,NA,NA,NA,NA,NA
212,214,TRUE,31,32,0.105,0.601503759398496,0.621553884711779
213,215,FALSE,NA,NA,NA,NA,NA
214,216,FALSE,NA,NA,NA,NA,NA
215,217,FALSE,NA,NA,NA,NA,NA
216,218,FALSE,NA,NA,NA,NA,NA
217,219,FALSE,NA,NA,NA,NA,NA
218,220,FALSE,NA,NA,NA,NA,NA
219,221,FALSE,NA,NA,NA,NA,NA
220,222,FALSE,NA,NA,NA,NA,NA
221,223,FALSE,NA,NA,NA,NA,NA
222,224,FALSE,NA,NA,NA,NA,NA
223,225,FALSE,NA,NA,NA,NA,NA
224,226,TRUE,20,21,0.0755,0.380952380952381,0.401002506265664
225,227,FALSE,NA,NA,NA,NA,NA
226,228,FALSE,NA,NA,NA,NA,NA
227,229,FALSE,NA,NA,NA,NA,NA
228,230,FALSE,NA,NA,NA,NA,NA
229,231,FALSE,NA,NA,NA,NA,NA
230,232,FALSE,NA,NA,NA,NA,NA
231,233,FALSE,NA,NA,NA,NA,NA
232,234,FALSE,NA,NA,NA,NA,NA
233,235,FALSE,NA,NA,NA,NA,NA
234,236,FALSE,NA,NA,NA,NA,NA
235,237,FALSE,NA,NA,NA,NA,NA
236,238,FALSE,NA,NA,NA,NA,NA
237,239,FALSE,NA,NA,NA,NA,NA
238,240,FALSE,NA,NA,NA,NA,NA
239,241,TRUE,26,27,0.0855,0.50125313283208,0.521303258145363
240,242,FALSE,NA,NA,NA,NA,NA
241,243,FALSE,NA,NA,NA,NA,NA
242,244,FALSE,NA,NA,NA,NA,NA
243,245,TRUE,28,29,0.101,0.541353383458647,0.56140350877193
244,246,FALSE,NA,NA,NA,NA,NA
245,247,FALSE,NA,NA,NA,NA,NA
246,248,FALSE,NA,NA,NA,NA,NA
247,249,FALSE,NA,NA,NA,NA,NA
248,250,FALSE,NA,NA,NA,NA,NA
249,251,FALSE,NA,NA,NA,NA,NA
250,252,FALSE,NA,NA,NA,NA,NA
251,253,FALSE,NA,NA,NA,NA,NA
252,254,FALSE,NA,NA,NA,NA,NA
253,255,FALSE,NA,NA,NA,NA,NA
254,256,FALSE,NA,NA,NA,NA,NA
255,257,FALSE,NA,NA,NA,NA,NA
256,258,TRUE,42,43,0.0565000000000001,0.822055137844611,0.842105263157895
257,259,FALSE,NA,NA,NA,NA,NA
258,260,FALSE,NA,NA,NA,NA,NA
259,261,FALSE,NA,NA,NA,NA,NA
260,262,FALSE,NA,NA,NA,NA,NA
261,263,FALSE,NA,NA,NA,NA,NA
262,264,FALSE,NA,NA,NA,NA,NA
263,265,FALSE,NA,NA,NA,NA,NA
264,266,FALSE,NA,NA,NA,NA,NA
265,267,FALSE,NA,NA,NA,NA,NA
266,268,FALSE,NA,NA,NA,NA,NA
267,269,FALSE,NA,NA,NA,NA,NA
268,270,FALSE,NA,NA,NA,NA,NA
269,271,FALSE,NA,NA,NA,NA,NA
270,272,FALSE,NA,NA,NA,NA,NA
271,273,FALSE,NA,NA,NA,NA,NA
272,274,FALSE,NA,NA,NA,NA,NA
273,275,FALSE,NA,NA,NA,NA,NA
274,276,FALSE,NA,NA,NA,NA,NA
275,277,FALSE,NA,NA,NA,NA,NA
276,278,FALSE,NA,NA,NA,NA,NA
277,279,FALSE,NA,NA,NA,NA,NA
278,280,FALSE,NA,NA,NA,NA,NA
279,281,FALSE,NA,NA,NA,NA,NA
280,282,FALSE,NA,NA,NA,NA,NA
281,283,FALSE,NA,NA,NA,NA,NA
282,284,FALSE,NA,NA,NA,NA,NA
283,285,FALSE,NA,NA,NA,NA,NA
284,286,FALSE,NA,NA,NA,NA,NA
285,287,FALSE,NA,NA,NA,NA,NA
286,288,TRUE,29,30,0.1045,0.56140350877193,0.581453634085213
287,289,TRUE,26,27,0.0515,0.50125313283208,0.521303258145363
288,290,FALSE,NA,NA,NA,NA,NA
289,291,FALSE,NA,NA,NA,NA,NA
290,292,FALSE,NA,NA,NA,NA,NA
291,293,FALSE,NA,NA,NA,NA,NA
292,294,FALSE,NA,NA,NA,NA,NA
293,295,FALSE,NA,NA,NA,NA,NA
294,296,FALSE,NA,NA,NA,NA,NA
295,297,FALSE,NA,NA,NA,NA,NA
296,298,FALSE,NA,NA,NA,NA,NA
297,299,FALSE,NA,NA,NA,NA,NA
298,300,FALSE,NA,NA,NA,NA,NA
299,301,FALSE,NA,NA,NA,NA,NA
300,302,FALSE,NA,NA,NA,NA,NA
301,303,FALSE,NA,NA,NA,NA,NA
302,304,FALSE,NA,NA,NA,NA,NA
303,305,FALSE,NA,NA,NA,NA,NA
304,306,FALSE,NA,NA,NA,NA,NA
305,307,FALSE,NA,NA,NA,NA,NA
306,308,FALSE,NA,NA,NA,NA,NA
307,309,FALSE,NA,NA,NA,NA,NA
308,310,FALSE,NA,NA,NA,NA,NA
309,311,FALSE,NA,NA,NA,NA,NA
310,312,FALSE,NA,NA,NA,NA,NA
311,313,FALSE,NA,NA,NA,NA,NA
312,314,TRUE,20,21,0.0575,0.380952380952381,0.401002506265664
313,315,FALSE,NA,NA,NA,NA,NA
314,316,FALSE,NA,NA,NA,NA,NA
315,317,FALSE,NA,NA,NA,NA,NA
316,318,FALSE,NA,NA,NA,NA,NA
317,319,FALSE,NA,NA,NA,NA,NA
318,320,FALSE,NA,NA,NA,NA,NA
319,321,FALSE,NA,NA,NA,NA,NA
320,322,TRUE,20,21,0.0595,0.380952380952381,0.401002506265664
321,323,FALSE,NA,NA,NA,NA,NA
322,324,FALSE,NA,NA,NA,NA,NA
323,325,FALSE,NA,NA,NA,NA,NA
324,326,FALSE,NA,NA,NA,NA,NA
325,327,FALSE,NA,NA,NA,NA,NA
326,328,FALSE,NA,NA,NA,NA,NA
327,329,TRUE,30,31,0.0545,0.581453634085213,0.601503759398496
328,330,TRUE,32,33,0.1195,0.621553884711779,0.641604010025063
329,331,FALSE,NA,NA,NA,NA,NA
330,332,FALSE,NA,NA,NA,NA,NA
331,333,FALSE,NA,NA,NA,NA,NA
332,334,FALSE,NA,NA,NA,NA,NA
333,335,FALSE,NA,NA,NA,NA,NA
334,336,FALSE,NA,NA,NA,NA,NA
335,337,FALSE,NA,NA,NA,NA,NA
336,338,FALSE,NA,NA,NA,NA,NA
337,339,FALSE,NA,NA,NA,NA,NA
338,340,FALSE,NA,NA,NA,NA,NA
339,341,FALSE,NA,NA,NA,NA,NA
340,342,TRUE,32,33,0.0955,0.621553884711779,0.641604010025063
341,343,TRUE,18,19,0.066,0.340852130325815,0.360902255639098
342,344,FALSE,NA,NA,NA,NA,NA
343,345,FALSE,NA,NA,NA,NA,NA
344,346,FALSE,NA,NA,NA,NA,NA
345,347,FALSE,NA,NA,NA,NA,NA
346,348,FALSE,NA,NA,NA,NA,NA
347,349,FALSE,NA,NA,NA,NA,NA
348,350,FALSE,NA,NA,NA,NA,NA
349,351,FALSE,NA,NA,NA,NA,NA
350,352,FALSE,NA,NA,NA,NA,NA
351,353,FALSE,NA,NA,NA,NA,NA
352,354,FALSE,NA,NA,NA,NA,NA
353,355,FALSE,NA,NA,NA,NA,NA
354,356,FALSE,NA,NA,NA,NA,NA
355,357,FALSE,NA,NA,NA,NA,NA
356,358,FALSE,NA,NA,NA,NA,NA
357,359,FALSE,NA,NA,NA,NA,NA
358,360,FALSE,NA,NA,NA,NA,NA
359,361,FALSE,NA,NA,NA,NA,NA
360,362,FALSE,NA,NA,NA,NA,NA
361,363,FALSE,NA,NA,NA,NA,NA
362,364,FALSE,NA,NA,NA,NA,NA
363,365,FALSE,NA,NA,NA,NA,NA
364,366,FALSE,NA,NA,NA,NA,NA
365,367,FALSE,NA,NA,NA,NA,NA
366,368,FALSE,NA,NA,NA,NA,NA
367,369,TRUE,21,22,0.0835,0.401002506265664,0.421052631578947
368,370,TRUE,23,24,0.063,0.441102756892231,0.461152882205514
369,371,FALSE,NA,NA,NA,NA,NA
370,372,TRUE,24,25,0.0845,0.461152882205514,0.481203007518797
371,373,FALSE,NA,NA,NA,NA,NA
372,374,FALSE,NA,NA,NA,NA,NA
373,375,FALSE,NA,NA,NA,NA,NA
374,376,FALSE,NA,NA,NA,NA,NA
375,377,TRUE,19,20,0.0515,0.360902255639098,0.380952380952381
376,378,TRUE,19,20,0.0645,0.360902255639098,0.380952380952381
377,379,FALSE,NA,NA,NA,NA,NA
378,380,FALSE,NA,NA,NA,NA,NA
379,381,FALSE,NA,NA,NA,NA,NA
380,382,TRUE,22,23,0.087,0.421052631578947,0.441102756892231
381,383,FALSE,NA,NA,NA,NA,NA
382,384,FALSE,NA,NA,NA,NA,NA
383,385,FALSE,NA,NA,NA,NA,NA
384,386,FALSE,NA,NA,NA,NA,NA
385,387,FALSE,NA,NA,NA,NA,NA
386,388,FALSE,NA,NA,NA,NA,NA
387,389,FALSE,NA,NA,NA,NA,NA
388,390,FALSE,NA,NA,NA,NA,NA
389,391,FALSE,NA,NA,NA,NA,NA
390,392,FALSE,NA,NA,NA,NA,NA
391,393,FALSE,NA,NA,NA,NA,NA
392,394,FALSE,NA,NA,NA,NA,NA
393,395,FALSE,NA,NA,NA,NA,NA
394,396,TRUE,28,29,0.0565,0.541353383458647,0.56140350877193
395,397,FALSE,NA,NA,NA,NA,NA
396,398,FALSE,NA,NA,NA,NA,NA
397,399,FALSE,NA,NA,NA,NA,NA
398,400,FALSE,NA,NA,NA,NA,NA
399,401,FALSE,NA,NA,NA,NA,NA
400,402,FALSE,NA,NA,NA,NA,NA
401,403,FALSE,NA,NA,NA,NA,NA
402,404,FALSE,NA,NA,NA,NA,NA
403,405,FALSE,NA,NA,NA,NA,NA
404,406,FALSE,NA,NA,NA,NA,NA
405,407,FALSE,NA,NA,NA,NA,NA
406,408,FALSE,NA,NA,NA,NA,NA
407,409,TRUE,24,25,0.089,0.461152882205514,0.481203007518797
408,410,FALSE,NA,NA,NA,NA,NA
409,411,FALSE,NA,NA,NA,NA,NA
410,412,FALSE,NA,NA,NA,NA,NA
411,413,FALSE,NA,NA,NA,NA,NA
412,414,FALSE,NA,NA,NA,NA,NA
413,415,FALSE,NA,NA,NA,NA,NA
414,416,FALSE,NA,NA,NA,NA,NA
415,417,FALSE,NA,NA,NA,NA,NA
416,418,FALSE,NA,NA,NA,NA,NA
417,419,FALSE,NA,NA,NA,NA,NA
418,420,FALSE,NA,NA,NA,NA,NA
419,421,FALSE,NA,NA,NA,NA,NA
420,422,FALSE,NA,NA,NA,NA,NA
421,423,FALSE,NA,NA,NA,NA,NA
422,424,FALSE,NA,NA,NA,NA,NA
423,425,FALSE,NA,NA,NA,NA,NA
424,426,FALSE,NA,NA,NA,NA,NA
425,427,FALSE,NA,NA,NA,NA,NA
426,428,FALSE,NA,NA,NA,NA,NA
427,429,FALSE,NA,NA,NA,NA,NA
428,430,FALSE,NA,NA,NA,NA,NA
429,431,FALSE,NA,NA,NA,NA,NA
430,432,FALSE,NA,NA,NA,NA,NA
431,433,FALSE,NA,NA,NA,NA,NA
432,434,FALSE,NA,NA,NA,NA,NA
433,435,FALSE,NA,NA,NA,NA,NA
434,436,FALSE,NA,NA,NA,NA,NA
435,437,FALSE,NA,NA,NA,NA,NA
436,438,FALSE,NA,NA,NA,NA,NA
437,439,FALSE,NA,NA,NA,NA,NA
438,440,FALSE,NA,NA,NA,NA,NA
439,441,FALSE,NA,NA,NA,NA,NA
440,442,FALSE,NA,NA,NA,NA,NA
441,443,FALSE,NA,NA,NA,NA,NA
442,444,FALSE,NA,NA,NA,NA,NA
443,445,FALSE,NA,NA,NA,NA,NA
444,446,FALSE,NA,NA,NA,NA,NA
445,447,FALSE,NA,NA,NA,NA,NA
446,448,FALSE,NA,NA,NA,NA,NA
447,449,FALSE,NA,NA,NA,NA,NA
448,450,FALSE,NA,NA,NA,NA,NA
449,451,FALSE,NA,NA,NA,NA,NA
450,452,FALSE,NA,NA,NA,NA,NA
451,453,FALSE,NA,NA,NA,NA,NA
452,454,FALSE,NA,NA,NA,NA,NA
453,455,FALSE,NA,NA,NA,NA,NA
454,456,FALSE,NA,NA,NA,NA,NA
455,457,FALSE,NA,NA,NA,NA,NA
456,458,FALSE,NA,NA,NA,NA,NA
457,459,FALSE,NA,NA,NA,NA,NA
458,460,FALSE,NA,NA,NA,NA,NA
459,461,FALSE,NA,NA,NA,NA,NA
460,462,FALSE,NA,NA,NA,NA,NA
461,463,FALSE,NA,NA,NA,NA,NA
462,464,FALSE,NA,NA,NA,NA,NA
463,465,FALSE,NA,NA,NA,NA,NA
464,466,FALSE,NA,NA,NA,NA,NA
465,467,FALSE,NA,NA,NA,NA,NA
466,468,FALSE,NA,NA,NA,NA,NA
467,469,FALSE,NA,NA,NA,NA,NA
468,470,FALSE,NA,NA,NA,NA,NA
469,471,FALSE,NA,NA,NA,NA,NA
470,472,FALSE,NA,NA,NA,NA,NA
471,473,FALSE,NA,NA,NA,NA,NA
472,474,FALSE,NA,NA,NA,NA,NA
473,475,FALSE,NA,NA,NA,NA,NA
474,476,FALSE,NA,NA,NA,NA,NA
475,477,FALSE,NA,NA,NA,NA,NA
476,478,FALSE,NA,NA,NA,NA,NA
477,479,FALSE,NA,NA,NA,NA,NA
478,480,FALSE,NA,NA,NA,NA,NA
479,481,FALSE,NA,NA,NA,NA,NA
480,482,FALSE,NA,NA,NA,NA,NA
481,483,FALSE,NA,NA,NA,NA,NA
482,484,FALSE,NA,NA,NA,NA,NA
483,485,FALSE,NA,NA,NA,NA,NA
484,486,FALSE,NA,NA,NA,NA,NA
485,487,FALSE,NA,NA,NA,NA,NA
486,488,FALSE,NA,NA,NA,NA,NA
487,489,FALSE,NA,NA,NA,NA,NA
488,490,FALSE,NA,NA,NA,NA,NA
489,491,FALSE,NA,NA,NA,NA,NA
490,492,FALSE,NA,NA,NA,NA,NA
491,493,FALSE,NA,NA,NA,NA,NA
492,494,FALSE,NA,NA,NA,NA,NA
493,495,TRUE,33,34,0.0745,0.641604010025063,0.661654135338346
494,496,FALSE,NA,NA,NA,NA,NA
495,497,FALSE,NA,NA,NA,NA,NA
496,498,FALSE,NA,NA,NA,NA,NA
497,499,FALSE,NA,NA,NA,NA,NA
498,500,FALSE,NA,NA,NA,NA,NA
499,501,FALSE,NA,NA,NA,NA,NA
500,502,FALSE,NA,NA,NA,NA,NA
501,503,FALSE,NA,NA,NA,NA,NA
502,504,FALSE,NA,NA,NA,NA,NA
503,505,FALSE,NA,NA,NA,NA,NA
504,506,FALSE,NA,NA,NA,NA,NA
505,507,FALSE,NA,NA,NA,NA,NA
506,508,FALSE,NA,NA,NA,NA,NA
507,509,FALSE,NA,NA,NA,NA,NA
508,510,FALSE,NA,NA,NA,NA,NA
509,511,TRUE,28,29,0.0915,0.541353383458647,0.56140350877193
510,512,FALSE,NA,NA,NA,NA,NA
511,513,FALSE,NA,NA,NA,NA,NA
512,514,FALSE,NA,NA,NA,NA,NA
513,515,FALSE,NA,NA,NA,NA,NA
514,516,FALSE,NA,NA,NA,NA,NA
515,517,FALSE,NA,NA,NA,NA,NA
516,518,FALSE,NA,NA,NA,NA,NA
517,519,FALSE,NA,NA,NA,NA,NA
518,520,FALSE,NA,NA,NA,NA,NA
519,521,FALSE,NA,NA,NA,NA,NA
520,522,FALSE,NA,NA,NA,NA,NA
521,523,FALSE,NA,NA,NA,NA,NA
522,524,FALSE,NA,NA,NA,NA,NA
523,525,FALSE,NA,NA,NA,NA,NA
524,526,FALSE,NA,NA,NA,NA,NA
525,527,FALSE,NA,NA,NA,NA,NA
526,528,FALSE,NA,NA,NA,NA,NA
527,529,FALSE,NA,NA,NA,NA,NA
528,530,FALSE,NA,NA,NA,NA,NA
529,531,FALSE,NA,NA,NA,NA,NA
530,532,FALSE,NA,NA,NA,NA,NA
531,533,FALSE,NA,NA,NA,NA,NA
532,534,FALSE,NA,NA,NA,NA,NA
533,535,FALSE,NA,NA,NA,NA,NA
534,536,FALSE,NA,NA,NA,NA,NA
535,537,FALSE,NA,NA,NA,NA,NA
536,538,FALSE,NA,NA,NA,NA,NA
537,539,TRUE,25,26,0.0585000000000001,0.481203007518797,0.50125313283208
538,540,FALSE,NA,NA,NA,NA,NA
539,541,FALSE,NA,NA,NA,NA,NA
540,542,FALSE,NA,NA,NA,NA,NA
541,543,FALSE,NA,NA,NA,NA,NA
542,544,FALSE,NA,NA,NA,NA,NA
543,545,FALSE,NA,NA,NA,NA,NA
544,546,FALSE,NA,NA,NA,NA,NA
545,547,FALSE,NA,NA,NA,NA,NA
546,548,FALSE,NA,NA,NA,NA,NA
547,549,FALSE,NA,NA,NA,NA,NA
548,550,FALSE,NA,NA,NA,NA,NA
549,551,FALSE,NA,NA,NA,NA,NA
550,552,FALSE,NA,NA,NA,NA,NA
551,553,FALSE,NA,NA,NA,NA,NA
552,554,FALSE,NA,NA,NA,NA,NA
553,555,FALSE,NA,NA,NA,NA,NA
554,556,FALSE,NA,NA,NA,NA,NA
555,557,FALSE,NA,NA,NA,NA,NA
556,558,FALSE,NA,NA,NA,NA,NA
557,559,FALSE,NA,NA,NA,NA,NA
558,560,FALSE,NA,NA,NA,NA,NA
559,561,FALSE,NA,NA,NA,NA,NA
560,562,FALSE,NA,NA,NA,NA,NA
561,563,FALSE,NA,NA,NA,NA,NA
562,564,FALSE,NA,NA,NA,NA,NA
563,565,FALSE,NA,NA,NA,NA,NA
564,566,TRUE,30,31,0.0895,0.581453634085213,0.601503759398496
565,567,FALSE,NA,NA,NA,NA,NA
566,568,FALSE,NA,NA,NA,NA,NA
567,569,FALSE,NA,NA,NA,NA,NA
568,570,FALSE,NA,NA,NA,NA,NA
569,571,FALSE,NA,NA,NA,NA,NA
570,572,FALSE,NA,NA,NA,NA,NA
571,573,FALSE,NA,NA,NA,NA,NA
572,574,FALSE,NA,NA,NA,NA,NA
573,575,FALSE,NA,NA,NA,NA,NA
574,576,FALSE,NA,NA,NA,NA,NA
575,577,FALSE,NA,NA,NA,NA,NA
576,578,FALSE,NA,NA,NA,NA,NA
577,579,FALSE,NA,NA,NA,NA,NA
578,580,FALSE,NA,NA,NA,NA,NA
579,581,FALSE,NA,NA,NA,NA,NA
580,582,FALSE,NA,NA,NA,NA,NA
581,583,FALSE,NA,NA,NA,NA,NA
582,584,FALSE,NA,NA,NA,NA,NA
583,585,FALSE,NA,NA,NA,NA,NA
584,586,FALSE,NA,NA,NA,NA,NA
585,587,FALSE,NA,NA,NA,NA,NA
586,588,FALSE,NA,NA,NA,NA,NA
587,589,FALSE,NA,NA,NA,NA,NA
588,590,FALSE,NA,NA,NA,NA,NA
589,591,FALSE,NA,NA,NA,NA,NA
590,592,TRUE,28,29,0.0665,0.541353383458647,0.56140350877193
591,593,FALSE,NA,NA,NA,NA,NA
592,594,FALSE,NA,NA,NA,NA,NA
593,595,FALSE,NA,NA,NA,NA,NA
594,596,FALSE,NA,NA,NA,NA,NA
595,597,FALSE,NA,NA,NA,NA,NA
596,598,FALSE,NA,NA,NA,NA,NA
597,599,FALSE,NA,NA,NA,NA,NA
598,600,FALSE,NA,NA,NA,NA,NA
599,601,FALSE,NA,NA,NA,NA,NA
600,602,FALSE,NA,NA,NA,NA,NA
601,603,FALSE,NA,NA,NA,NA,NA
602,604,FALSE,NA,NA,NA,NA,NA
603,605,FALSE,NA,NA,NA,NA,NA
604,606,FALSE,NA,NA,NA,NA,NA
605,607,FALSE,NA,NA,NA,NA,NA
606,608,FALSE,NA,NA,NA,NA,NA
607,609,FALSE,NA,NA,NA,NA,NA
608,610,FALSE,NA,NA,NA,NA,NA
609,611,FALSE,NA,NA,NA,NA,NA
610,612,FALSE,NA,NA,NA,NA,NA
611,613,FALSE,NA,NA,NA,NA,NA
612,614,FALSE,NA,NA,NA,NA,NA
613,615,FALSE,NA,NA,NA,NA,NA
614,616,FALSE,NA,NA,NA,NA,NA
615,617,FALSE,NA,NA,NA,NA,NA
616,618,FALSE,NA,NA,NA,NA,NA
617,619,FALSE,NA,NA,NA,NA,NA
618,620,FALSE,NA,NA,NA,NA,NA
619,621,FALSE,NA,NA,NA,NA,NA
620,622,FALSE,NA,NA,NA,NA,NA
621,623,FALSE,NA,NA,NA,NA,NA
622,624,FALSE,NA,NA,NA,NA,NA
623,625,FALSE,NA,NA,NA,NA,NA
624,626,FALSE,NA,NA,NA,NA,NA
625,627,FALSE,NA,NA,NA,NA,NA
626,628,FALSE,NA,NA,NA,NA,NA
627,629,FALSE,NA,NA,NA,NA,NA
628,630,FALSE,NA,NA,NA,NA,NA
629,631,FALSE,NA,NA,NA,NA,NA
630,632,FALSE,NA,NA,NA,NA,NA
631,633,FALSE,NA,NA,NA,NA,NA
632,634,FALSE,NA,NA,NA,NA,NA
633,635,FALSE,NA,NA,NA,NA,NA
634,636,FALSE,NA,NA,NA,NA,NA
635,637,FALSE,NA,NA,NA,NA,NA
636,638,FALSE,NA,NA,NA,NA,NA
637,639,FALSE,NA,NA,NA,NA,NA
638,640,FALSE,NA,NA,NA,NA,NA
639,641,FALSE,NA,NA,NA,NA,NA
640,642,FALSE,NA,NA,NA,NA,NA
641,643,FALSE,NA,NA,NA,NA,NA
642,644,FALSE,NA,NA,NA,NA,NA
643,645,FALSE,NA,NA,NA,NA,NA
644,646,FALSE,NA,NA,NA,NA,NA
645,647,FALSE,NA,NA,NA,NA,NA
646,648,FALSE,NA,NA,NA,NA,NA
647,649,FALSE,NA,NA,NA,NA,NA
648,650,FALSE,NA,NA,NA,NA,NA
649,651,FALSE,NA,NA,NA,NA,NA
650,652,TRUE,26,27,0.091,0.50125313283208,0.521303258145363
651,653,FALSE,NA,NA,NA,NA,NA
652,654,FALSE,NA,NA,NA,NA,NA
653,655,FALSE,NA,NA,NA,NA,NA
654,656,FALSE,NA,NA,NA,NA,NA
655,657,FALSE,NA,NA,NA,NA,NA
656,658,FALSE,NA,NA,NA,NA,NA
657,659,FALSE,NA,NA,NA,NA,NA
658,660,TRUE,30,31,0.0655,0.581453634085213,0.601503759398496
659,661,FALSE,NA,NA,NA,NA,NA
660,662,FALSE,NA,NA,NA,NA,NA
661,663,FALSE,NA,NA,NA,NA,NA
662,664,FALSE,NA,NA,NA,NA,NA
663,665,FALSE,NA,NA,NA,NA,NA
664,666,FALSE,NA,NA,NA,NA,NA
665,667,FALSE,NA,NA,NA,NA,NA
666,668,FALSE,NA,NA,NA,NA,NA
667,669,FALSE,NA,NA,NA,NA,NA
668,670,FALSE,NA,NA,NA,NA,NA
669,671,FALSE,NA,NA,NA,NA,NA
670,672,FALSE,NA,NA,NA,NA,NA
671,673,FALSE,NA,NA,NA,NA,NA
672,674,FALSE,NA,NA,NA,NA,NA
673,675,TRUE,27,28,0.0765,0.521303258145363,0.541353383458647
674,676,FALSE,NA,NA,NA,NA,NA
675,677,FALSE,NA,NA,NA,NA,NA
676,678,TRUE,30,31,0.085,0.581453634085213,0.601503759398496
677,679,FALSE,NA,NA,NA,NA,NA
678,680,FALSE,NA,NA,NA,NA,NA
679,681,FALSE,NA,NA,NA,NA,NA
680,682,TRUE,35,36,0.0515,0.681704260651629,0.701754385964912
681,683,FALSE,NA,NA,NA,NA,NA
682,684,FALSE,NA,NA,NA,NA,NA
683,685,FALSE,NA,NA,NA,NA,NA
684,686,FALSE,NA,NA,NA,NA,NA
685,687,FALSE,NA,NA,NA,NA,NA
686,688,FALSE,NA,NA,NA,NA,NA
687,689,FALSE,NA,NA,NA,NA,NA
688,690,TRUE,19,20,0.0515,0.360902255639098,0.380952380952381
689,691,FALSE,NA,NA,NA,NA,NA
690,692,FALSE,NA,NA,NA,NA,NA
691,693,FALSE,NA,NA,NA,NA,NA
692,694,FALSE,NA,NA,NA,NA,NA
693,695,FALSE,NA,NA,NA,NA,NA
694,696,FALSE,NA,NA,NA,NA,NA
695,697,FALSE,NA,NA,NA,NA,NA
696,698,FALSE,NA,NA,NA,NA,NA
697,699,FALSE,NA,NA,NA,NA,NA
698,700,FALSE,NA,NA,NA,NA,NA
699,701,FALSE,NA,NA,NA,NA,NA
700,702,FALSE,NA,NA,NA,NA,NA
701,703,FALSE,NA,NA,NA,NA,NA
702,704,FALSE,NA,NA,NA,NA,NA
703,705,FALSE,NA,NA,NA,NA,NA
704,706,FALSE,NA,NA,NA,NA,NA
705,707,FALSE,NA,NA,NA,NA,NA
706,708,FALSE,NA,NA,NA,NA,NA
707,709,FALSE,NA,NA,NA,NA,NA
708,710,FALSE,NA,NA,NA,NA,NA
709,711,FALSE,NA,NA,NA,NA,NA
710,712,FALSE,NA,NA,NA,NA,NA
711,713,TRUE,38,39,0.082,0.741854636591479,0.761904761904762
712,714,FALSE,NA,NA,NA,NA,NA
713,715,FALSE,NA,NA,NA,NA,NA
714,716,FALSE,NA,NA,NA,NA,NA
715,717,FALSE,NA,NA,NA,NA,NA
716,718,TRUE,24,25,0.0625,0.461152882205514,0.481203007518797
717,719,TRUE,37,38,0.0635,0.721804511278195,0.741854636591479
718,720,TRUE,19,20,0.079,0.360902255639098,0.380952380952381
719,721,TRUE,23,24,0.0595,0.441102756892231,0.461152882205514
720,722,FALSE,NA,NA,NA,NA,NA
721,723,TRUE,20,21,0.0575,0.380952380952381,0.401002506265664
722,724,TRUE,29,30,0.085,0.56140350877193,0.581453634085213
723,725,FALSE,NA,NA,NA,NA,NA
724,726,TRUE,17,18,0.081,0.320802005012531,0.340852130325815
725,727,TRUE,28,29,0.051,0.541353383458647,0.56140350877193
726,728,FALSE,NA,NA,NA,NA,NA
727,729,FALSE,NA,NA,NA,NA,NA
728,730,FALSE,NA,NA,NA,NA,NA
729,731,FALSE,NA,NA,NA,NA,NA
730,732,FALSE,NA,NA,NA,NA,NA
731,733,FALSE,NA,NA,NA,NA,NA
732,734,TRUE,35,36,0.1065,0.681704260651629,0.701754385964912
733,735,FALSE,NA,NA,NA,NA,NA
734,736,FALSE,NA,NA,NA,NA,NA
735,737,FALSE,NA,NA,NA,NA,NA
736,738,FALSE,NA,NA,NA,NA,NA
737,739,FALSE,NA,NA,NA,NA,NA
738,740,FALSE,NA,NA,NA,NA,NA
739,741,FALSE,NA,NA,NA,NA,NA
740,742,TRUE,24,25,0.0855,0.461152882205514,0.481203007518797
741,743,FALSE,NA,NA,NA,NA,NA
742,744,FALSE,NA,NA,NA,NA,NA
743,745,FALSE,NA,NA,NA,NA,NA
744,746,FALSE,NA,NA,NA,NA,NA
745,747,FALSE,NA,NA,NA,NA,NA
746,748,FALSE,NA,NA,NA,NA,NA
747,749,FALSE,NA,NA,NA,NA,NA
748,750,FALSE,NA,NA,NA,NA,NA
749,751,FALSE,NA,NA,NA,NA,NA
750,752,FALSE,NA,NA,NA,NA,NA
751,753,FALSE,NA,NA,NA,NA,NA
752,754,FALSE,NA,NA,NA,NA,NA
753,755,FALSE,NA,NA,NA,NA,NA
754,756,FALSE,NA,NA,NA,NA,NA
755,757,FALSE,NA,NA,NA,NA,NA
756,758,FALSE,NA,NA,NA,NA,NA
757,759,FALSE,NA,NA,NA,NA,NA
758,760,FALSE,NA,NA,NA,NA,NA
759,761,FALSE,NA,NA,NA,NA,NA
760,762,FALSE,NA,NA,NA,NA,NA
761,763,FALSE,NA,NA,NA,NA,NA
762,764,FALSE,NA,NA,NA,NA,NA
763,765,FALSE,NA,NA,NA,NA,NA
764,766,FALSE,NA,NA,NA,NA,NA
765,767,FALSE,NA,NA,NA,NA,NA
766,768,TRUE,26,27,0.0765,0.50125313283208,0.521303258145363
767,769,FALSE,NA,NA,NA,NA,NA
768,770,FALSE,NA,NA,NA,NA,NA
769,771,FALSE,NA,NA,NA,NA,NA
770,772,FALSE,NA,NA,NA,NA,NA
771,773,FALSE,NA,NA,NA,NA,NA
772,774,FALSE,NA,NA,NA,NA,NA
773,775,FALSE,NA,NA,NA,NA,NA
774,776,FALSE,NA,NA,NA,NA,NA
775,777,FALSE,NA,NA,NA,NA,NA
776,778,FALSE,NA,NA,NA,NA,NA
777,779,FALSE,NA,NA,NA,NA,NA
778,780,FALSE,NA,NA,NA,NA,NA
779,781,FALSE,NA,NA,NA,NA,NA
780,782,FALSE,NA,NA,NA,NA,NA
781,783,FALSE,NA,NA,NA,NA,NA
782,784,FALSE,NA,NA,NA,NA,NA
783,785,FALSE,NA,NA,NA,NA,NA
784,786,FALSE,NA,NA,NA,NA,NA
785,787,FALSE,NA,NA,NA,NA,NA
786,788,FALSE,NA,NA,NA,NA,NA
787,789,FALSE,NA,NA,NA,NA,NA
788,790,FALSE,NA,NA,NA,NA,NA
789,791,FALSE,NA,NA,NA,NA,NA
790,792,FALSE,NA,NA,NA,NA,NA
791,793,FALSE,NA,NA,NA,NA,NA
792,794,FALSE,NA,NA,NA,NA,NA
793,795,FALSE,NA,NA,NA,NA,NA
794,796,FALSE,NA,NA,NA,NA,NA
795,797,FALSE,NA,NA,NA,NA,NA
796,798,TRUE,19,20,0.0665,0.360902255639098,0.380952380952381
797,799,FALSE,NA,NA,NA,NA,NA
798,800,FALSE,NA,NA,NA,NA,NA
799,801,FALSE,NA,NA,NA,NA,NA
800,802,FALSE,NA,NA,NA,NA,NA
801,803,FALSE,NA,NA,NA,NA,NA
802,804,FALSE,NA,NA,NA,NA,NA
803,805,FALSE,NA,NA,NA,NA,NA
804,806,FALSE,NA,NA,NA,NA,NA
805,807,FALSE,NA,NA,NA,NA,NA
806,808,FALSE,NA,NA,NA,NA,NA
807,809,FALSE,NA,NA,NA,NA,NA
808,810,FALSE,NA,NA,NA,NA,NA
809,811,FALSE,NA,NA,NA,NA,NA
810,812,FALSE,NA,NA,NA,NA,NA
811,813,FALSE,NA,NA,NA,NA,NA
812,814,FALSE,NA,NA,NA,NA,NA
813,815,FALSE,NA,NA,NA,NA,NA
814,816,TRUE,32,33,0.0795,0.621553884711779,0.641604010025063
815,817,FALSE,NA,NA,NA,NA,NA
816,818,FALSE,NA,NA,NA,NA,NA
817,819,TRUE,23,24,0.0905,0.441102756892231,0.461152882205514
818,820,FALSE,NA,NA,NA,NA,NA
819,821,FALSE,NA,NA,NA,NA,NA
820,822,FALSE,NA,NA,NA,NA,NA
821,823,FALSE,NA,NA,NA,NA,NA
822,824,TRUE,20,21,0.092,0.380952380952381,0.401002506265664
823,825,FALSE,NA,NA,NA,NA,NA
824,826,FALSE,NA,NA,NA,NA,NA
825,827,TRUE,18,19,0.057,0.340852130325815,0.360902255639098
826,828,TRUE,21,22,0.0505,0.401002506265664,0.421052631578947
827,829,FALSE,NA,NA,NA,NA,NA
828,830,FALSE,NA,NA,NA,NA,NA
829,831,FALSE,NA,NA,NA,NA,NA
830,832,FALSE,NA,NA,NA,NA,NA
831,833,FALSE,NA,NA,NA,NA,NA
832,834,FALSE,NA,NA,NA,NA,NA
833,835,FALSE,NA,NA,NA,NA,NA
834,836,FALSE,NA,NA,NA,NA,NA
835,837,FALSE,NA,NA,NA,NA,NA
836,838,FALSE,NA,NA,NA,NA,NA
837,839,FALSE,NA,NA,NA,NA,NA
838,840,FALSE,NA,NA,NA,NA,NA
839,841,FALSE,NA,NA,NA,NA,NA
840,842,FALSE,NA,NA,NA,NA,NA
841,843,FALSE,NA,NA,NA,NA,NA
842,844,FALSE,NA,NA,NA,NA,NA
843,845,TRUE,22,23,0.0785,0.421052631578947,0.441102756892231
844,846,FALSE,NA,NA,NA,NA,NA
845,847,FALSE,NA,NA,NA,NA,NA
846,848,FALSE,NA,NA,NA,NA,NA
847,849,FALSE,NA,NA,NA,NA,NA
848,850,FALSE,NA,NA,NA,NA,NA
849,851,FALSE,NA,NA,NA,NA,NA
850,852,FALSE,NA,NA,NA,NA,NA
851,853,FALSE,NA,NA,NA,NA,NA
852,854,FALSE,NA,NA,NA,NA,NA
853,855,FALSE,NA,NA,NA,NA,NA
854,856,TRUE,24,25,0.0865,0.461152882205514,0.481203007518797
855,857,TRUE,33,34,0.0545,0.641604010025063,0.661654135338346
856,858,FALSE,NA,NA,NA,NA,NA
857,859,FALSE,NA,NA,NA,NA,NA
858,860,FALSE,NA,NA,NA,NA,NA
859,861,FALSE,NA,NA,NA,NA,NA
860,862,FALSE,NA,NA,NA,NA,NA
861,863,FALSE,NA,NA,NA,NA,NA
862,864,FALSE,NA,NA,NA,NA,NA
863,865,FALSE,NA,NA,NA,NA,NA
864,866,TRUE,28,29,0.079,0.541353383458647,0.56140350877193
865,867,FALSE,NA,NA,NA,NA,NA
866,868,FALSE,NA,NA,NA,NA,NA
867,869,FALSE,NA,NA,NA,NA,NA
868,870,FALSE,NA,NA,NA,NA,NA
869,871,FALSE,NA,NA,NA,NA,NA
870,872,FALSE,NA,NA,NA,NA,NA
871,873,FALSE,NA,NA,NA,NA,NA
872,874,FALSE,NA,NA,NA,NA,NA
873,875,FALSE,NA,NA,NA,NA,NA
874,876,FALSE,NA,NA,NA,NA,NA
875,877,FALSE,NA,NA,NA,NA,NA
876,878,FALSE,NA,NA,NA,NA,NA
877,879,FALSE,NA,NA,NA,NA,NA
878,880,TRUE,25,26,0.083,0.481203007518797,0.50125313283208
879,881,FALSE,NA,NA,NA,NA,NA
880,882,FALSE,NA,NA,NA,NA,NA
881,883,FALSE,NA,NA,NA,NA,NA
882,884,FALSE,NA,NA,NA,NA,NA
883,885,FALSE,NA,NA,NA,NA,NA
884,886,FALSE,NA,NA,NA,NA,NA
885,887,FALSE,NA,NA,NA,NA,NA
886,888,TRUE,26,27,0.071,0.50125313283208,0.521303258145363
887,889,FALSE,NA,NA,NA,NA,NA
888,890,FALSE,NA,NA,NA,NA,NA
889,891,FALSE,NA,NA,NA,NA,NA
890,892,FALSE,NA,NA,NA,NA,NA
891,893,FALSE,NA,NA,NA,NA,NA
892,894,FALSE,NA,NA,NA,NA,NA
893,895,FALSE,NA,NA,NA,NA,NA
894,896,FALSE,NA,NA,NA,NA,NA
895,897,FALSE,NA,NA,NA,NA,NA
896,898,FALSE,NA,NA,NA,NA,NA
897,899,FALSE,NA,NA,NA,NA,NA
898,900,FALSE,NA,NA,NA,NA,NA
899,901,FALSE,NA,NA,NA,NA,NA
900,902,FALSE,NA,NA,NA,NA,NA
901,903,FALSE,NA,NA,NA,NA,NA
902,904,TRUE,28,29,0.057,0.541353383458647,0.56140350877193
903,905,FALSE,NA,NA,NA,NA,NA
904,906,FALSE,NA,NA,NA,NA,NA
905,907,FALSE,NA,NA,NA,NA,NA
906,908,FALSE,NA,NA,NA,NA,NA
907,909,FALSE,NA,NA,NA,NA,NA
908,910,FALSE,NA,NA,NA,NA,NA
909,911,FALSE,NA,NA,NA,NA,NA
910,912,FALSE,NA,NA,NA,NA,NA
911,913,FALSE,NA,NA,NA,NA,NA
912,914,FALSE,NA,NA,NA,NA,NA
913,915,FALSE,NA,NA,NA,NA,NA
914,916,FALSE,NA,NA,NA,NA,NA
915,917,TRUE,21,22,0.0725,0.401002506265664,0.421052631578947
916,918,FALSE,NA,NA,NA,NA,NA
917,919,FALSE,NA,NA,NA,NA,NA
918,920,FALSE,NA,NA,NA,NA,NA
919,921,FALSE,NA,NA,NA,NA,NA
920,922,FALSE,NA,NA,NA,NA,NA
921,923,FALSE,NA,NA,NA,NA,NA
922,924,FALSE,NA,NA,NA,NA,NA
923,925,FALSE,NA,NA,NA,NA,NA
924,926,FALSE,NA,NA,NA,NA,NA
925,927,TRUE,20,21,0.053,0.380952380952381,0.401002506265664
926,928,FALSE,NA,NA,NA,NA,NA
927,929,FALSE,NA,NA,NA,NA,NA
928,930,FALSE,NA,NA,NA,NA,NA
929,931,FALSE,NA,NA,NA,NA,NA
930,932,FALSE,NA,NA,NA,NA,NA
931,933,FALSE,NA,NA,NA,NA,NA
932,934,FALSE,NA,NA,NA,NA,NA
933,935,FALSE,NA,NA,NA,NA,NA
934,936,FALSE,NA,NA,NA,NA,NA
935,937,FALSE,NA,NA,NA,NA,NA
936,938,FALSE,NA,NA,NA,NA,NA
937,939,FALSE,NA,NA,NA,NA,NA
938,940,FALSE,NA,NA,NA,NA,NA
939,941,FALSE,NA,NA,NA,NA,NA
940,942,FALSE,NA,NA,NA,NA,NA
941,943,FALSE,NA,NA,NA,NA,NA
942,944,FALSE,NA,NA,NA,NA,NA
943,945,FALSE,NA,NA,NA,NA,NA
944,946,FALSE,NA,NA,NA,NA,NA
945,947,FALSE,NA,NA,NA,NA,NA
946,948,FALSE,NA,NA,NA,NA,NA
947,949,FALSE,NA,NA,NA,NA,NA
948,950,FALSE,NA,NA,NA,NA,NA
949,951,FALSE,NA,NA,NA,NA,NA
950,952,FALSE,NA,NA,NA,NA,NA
951,953,FALSE,NA,NA,NA,NA,NA
952,954,FALSE,NA,NA,NA,NA,NA
953,955,FALSE,NA,NA,NA,NA,NA
954,956,FALSE,NA,NA,NA,NA,NA
955,957,FALSE,NA,NA,NA,NA,NA
956,958,FALSE,NA,NA,NA,NA,NA
957,959,FALSE,NA,NA,NA,NA,NA
958,960,FALSE,NA,NA,NA,NA,NA
959,961,FALSE,NA,NA,NA,NA,NA
960,962,FALSE,NA,NA,NA,NA,NA
961,963,FALSE,NA,NA,NA,NA,NA
962,964,FALSE,NA,NA,NA,NA,NA
963,965,FALSE,NA,NA,NA,NA,NA
964,966,FALSE,NA,NA,NA,NA,NA
965,967,FALSE,NA,NA,NA,NA,NA
966,968,FALSE,NA,NA,NA,NA,NA
967,969,FALSE,NA,NA,NA,NA,NA
968,970,FALSE,NA,NA,NA,NA,NA
969,971,FALSE,NA,NA,NA,NA,NA
970,972,FALSE,NA,NA,NA,NA,NA
971,973,FALSE,NA,NA,NA,NA,NA
972,974,FALSE,NA,NA,NA,NA,NA
973,975,FALSE,NA,NA,NA,NA,NA
974,976,FALSE,NA,NA,NA,NA,NA
975,977,FALSE,NA,NA,NA,NA,NA
976,978,FALSE,NA,NA,NA,NA,NA
977,979,FALSE,NA,NA,NA,NA,NA
978,980,FALSE,NA,NA,NA,NA,NA
979,981,FALSE,NA,NA,NA,NA,NA
980,982,FALSE,NA,NA,NA,NA,NA
981,983,FALSE,NA,NA,NA,NA,NA
982,984,FALSE,NA,NA,NA,NA,NA
983,985,FALSE,NA,NA,NA,NA,NA
984,986,FALSE,NA,NA,NA,NA,NA
985,987,FALSE,NA,NA,NA,NA,NA
986,988,TRUE,17,18,0.066,0.320802005012531,0.340852130325815
987,989,TRUE,31,32,0.1055,0.601503759398496,0.621553884711779
988,990,FALSE,NA,NA,NA,NA,NA
989,991,FALSE,NA,NA,NA,NA,NA
990,992,FALSE,NA,NA,NA,NA,NA
991,993,FALSE,NA,NA,NA,NA,NA
992,994,FALSE,NA,NA,NA,NA,NA
993,995,FALSE,NA,NA,NA,NA,NA
994,996,FALSE,NA,NA,NA,NA,NA
995,997,FALSE,NA,NA,NA,NA,NA
996,998,FALSE,NA,NA,NA,NA,NA
997,999,FALSE,NA,NA,NA,NA,NA
998,1000,FALSE,NA,NA,NA,NA,NA
999,1001,FALSE,NA,NA,NA,NA,NA
1000,1002,FALSE,NA,NA,NA,NA,NA
